<?xml version="1.0" encoding="utf-8"?>
<extension type="component" version="2.5.0" method="upgrade">
    <name>SAMLogin</name>
    <creationDate>Jan 2015</creationDate>
    <author>creativeprogramming.it</author>
    <authorEmail>info@creativeprogramming.it</authorEmail>
    <copyright>Copyright (c) 2013-2014 creativeprogramming.it All rights reserved.</copyright>
    <license>Commercial</license>
    <version>0.9.9</version>
    <description>
       SAMLogin: SSO Authentication for  Joomla
    </description>
    <scriptfile>script.samlogin.php</scriptfile>
    <install>
        <sql>
            <file driver="mysql" charset="utf8">sql/install.mysql.utf8.sql</file>
        </sql>
    </install>
    <uninstall>
        <sql>
            <file driver="mysql" charset="utf8">sql/uninstall.mysql.utf8.sql</file>
        </sql>
    </uninstall>
    <update>
        <schemas>
            <schemapath type="mysql">sql/updates/mysql</schemapath>
        </schemas>
    </update>

    <files folder="site">
       
   
        <folder>controllers</folder>
        <folder>helpers</folder>
        <folder>language</folder>
        <folder>libs</folder>
        <folder>models</folder>
        <!--<folder>simplesamlphp</folder>-->
        <folder>templates</folder>
        <folder>views</folder>
        
        <filename>controller.php</filename>
        <filename>index.html</filename>
        <filename>loginReceiver.php</filename>
        <filename>router.php</filename>
        <filename>samlogin.php</filename>
     
    </files>
    <media destination="samlogin" folder="media/samlogin">
		<folder>images</folder>
                <folder>assets</folder>
    </media>
    <administration>
      	<menu 
              img="components/com_samlogin/images/samelogin-icon-16.png">SAMLogin</menu>
		<submenu>
			<!--
				Note that all & must be escaped to &amp; for the file to be valid
				XML and be parsed by the installer
			-->
			<menu link="option=com_samlogin&amp;view=ajax" view="feeds"  img="components/com_samlogin/images/samelogin-icon-16.png"
				alt="SAMLogin/Admin">Configuration</menu>
                 </submenu>
   
        <files folder="admin">
            
              <folder>controllers</folder>
              <folder>elements</folder>
              <folder>helpers</folder>
              <folder>images</folder>
              <folder>language</folder>
              <folder>libs</folder>
              <folder>models</folder>
              <folder>resources</folder>
              <folder>sql</folder>
              <folder>tables</folder>
              <folder>views</folder>
              
              <filename>access.xml</filename>
              <filename>config.xml</filename>
              <filename>controller.php</filename>
              <filename>index.html</filename>
	      <filename>samlogin.php</filename>
           
        </files>
    </administration>
    <modules>
		<module module="mod_samlogin" client="site" />
    </modules>
    <plugins>
		<plugin plugin="samlogin" group="authentication" />
                <plugin plugin="samlogin" group="system" />
                <plugin plugin="impersonate" group="system" />
                <plugin plugin="samlogin" group="user" />
                <plugin plugin="example" group="samlattrauth" />
    </plugins>
</extension>